{
  "optimalVoltage": 12,
  "wheelGripCoefficientOfFriction": 1.19,
  "currentLimit": {
    "drive": 40,
    "angle": 20
  },
  "conversionFactor": {
    "angle": 0.0041015625,
    "drive": 0.00008658469336065619385519872171799
  },
  "rampRate": {
    "drive": 0.25,
    "angle": 0.25
  }
}
